name,address,totalsale,lnglat
阳光100城市广场,阳光100城市广场10号,200,"108.343978,22.80924"
阳光100城市广场,阳光100城市广场10号,200,"108.343978,22.80924"
阳光100城市广场,阳光100城市广场10号,200,"108.343978,22.80924"
阳光100城市广场,阳光100城市广场11号,700,"108.348356,22.810882"